id,title,description,image_link,link,product_type,brand,price,availability,item_group_id,checkout_url,additional_image_link,sale_price_effective_date,sale_price,condition,visibility,gender,color,size,pattern,google_product_category,default_product,variant
wc_post_id_9400,"Aparat aer conditionat TESLA TA36FFCL-1232IAPC 12000BTU A++ R32 Alb","Descriere Aparat aer conditionat TESLA TA36FFCL-1232IAPC 12000BTU A++ R32 Alb 
 
 
  
 
 
 
I FEEL 
 
Telecomanda poate ține evidența temperaturii în locația sa actuală și poate trimite semnalul către aparatul de aer condiționat, astfel încât să optimizeze temperatura camerei pentru confortul tău maxim. 
 
 
 
 
 
MOD TURBO 
 
Când aparatul de aer condiționat intră în modul Turbo, acesta își va maximiza capacitatea de răcire sau încălzire, făcând camera să se răcească sau să se încălzească rapid. 
 
 
 
 
 
ANTI-MUCEGAI 
 
Aparatul de aer condiționat va porni funcția Anti-mucegai după ce iese din modul de răcire și dezumidificare. Ajută la prevenirea răspândirii ciupercilor și bacteriilor pentru a menține un mediu sănătos. 
 
 
 
 
 
FLUX DE AER ORIZONTAL 
 
Poți utiliza opțiunea pentru fluxul de aer orizontal pentru a regla direcția fluxului de aer, dacă preferi ca aerul de la aparatul de aer condiționat să sufle din ambele direcții. 
 
 
 
 
 
DEZGHEȚARE INTELIGENTĂ 
 
Dacă condensatorul îngheață în timpul modului de încălzire în perioadele când temperatura de afară este scăzută, aparatul de aer condiționat va porni modul de dezghețare inteligentă. 
 
 
 
 
 
 
 
 
 
Specificatii tehnice 
Ai sesizat o greseala in specificatiile tehnice ale produsului? Da-ne de stire! 
Link Producator 
 
   
Caracteristici generale 
 
   
 
Tip aparat 
Monosplit 
 
   
 
Capacitate nominala de racire 
12000 BTU 
 
   
 
Clasa energetica de racire 
A++ 
 
   
 
Clasa energetica de incalzire 
A+ 
 
   
 
Inverter 
Da 
 
   
 
Kit instalare inclus 
Da 
 
   
 
Tip Compresor 
DC 
 
 
 
   
Caracteristici tehnice 
 
   
 
Nivel de zgomot unitate exterioara 
62 dB 
 
   
 
Nivel de zgomot unitate interioara 
53 dB 
 
   
 
Agent de racire 
R-32 
 
   
 
Greutate unitate exterioara 
24 Kg 
 
   
 
Greutate unitate interioara 
9 Kg 
 
   
 
Dimensiuni unitate exterioara 
279 x 705 x 530 mm 
 
   
 
Dimensiuni unitate interioara 
340 x 802 x 267 mm 
 
   
 
Culoare 
Alb 
 
 
 
   
Functii 
 
   
 
Ventilare 
Da 
 
   
 
Incalzire 
Da 
 
   
 
Timer 
Da 
 
   
 
Sleep/Night mode 
Da 
 
   
 
Autocuratare 
Da",https://aparatedeaerconditionat.ro/wp-content/uploads/2022/07/aparat-aer-conditionat-tesla-aparat-de-aer-conditionat-tesla-ta36ffcl-1232iapc12000-btu-a-plus-plus-r32-kit-11539021.png,https://aparatedeaerconditionat.ro/produs/aparat-aer-conditionat-tesla-ta36ffcl-1232iapc-12000btu-a-r32-alb/,"aer conditionat, Aparate de aer conditionat 12.000 BTU, Aparate de aer conditonat rezidentiale","Aparate de aer conditionat",1860RON,out of stock,wc_post_id_9400,,"https://aparatedeaerconditionat.ro/wp-content/uploads/2022/07/aparat-aer-conditionat-tesla-aparat-de-aer-conditionat-tesla-ta36ffcl-1232iapc12000-btu-a-plus-plus-r32-kit-11539031.png,https://aparatedeaerconditionat.ro/wp-content/uploads/2022/07/aparat-aer-conditionat-tesla-aparat-de-aer-conditionat-tesla-ta36ffcl-1232iapc12000-btu-a-plus-plus-r32-kit-11539041.png",,0,new,published,,,,,,,
wc_post_id_9039,"Curatarea si igienizarea Unitatii Interne","presupune dezasamblarea partiala acesteia + verificare freon 
 
Lucrarea dureaza aproximativ o ora",https://aparatedeaerconditionat.ro/wp-content/uploads/2022/03/montare-aer-conditionat.jpg,https://aparatedeaerconditionat.ro/produs/curatarea-si-igienizarea-unitatii-interne/,"Montare / Instalare / reparatii aer conditionat","Aparate de aer conditionat",150RON,in stock,wc_post_id_9039,,,,0,new,published,,,,,,,
wc_post_id_9041,"Remedierea situatiilor in care curge apa din aparat","Remedierea situatiilor in care curge apa din aparat",https://aparatedeaerconditionat.ro/wp-content/uploads/2022/03/montare-instalare-aer-conditionat.jpg,https://aparatedeaerconditionat.ro/produs/remedierea-situatiilor-in-care-curge-apa-din-aparat/,"Montare / Instalare / reparatii aer conditionat","Aparate de aer conditionat",100RON,in stock,wc_post_id_9041,,,,0,new,published,,,,,,,
wc_post_id_8998,"Montare aer conditionat 12000 BTU","Montare aer conditionat 12000 BTU",https://aparatedeaerconditionat.ro/wp-content/uploads/woocommerce-placeholder-430x430.png,https://aparatedeaerconditionat.ro/produs/montare-aer-conditionat-12000-btu/,"aer conditionat, Aparate de aer comerciale","Aparate de aer conditionat",500RON,in stock,wc_post_id_8998,,,,0,new,published,,,,,,,
wc_post_id_8814,"Aer conditionat Samsung FreshAir-AR12TXHQASINEU, Digital Inverter BLDC, 12000 BTU, Clasa A++/A","Descriere 
 
 
 
 
 
Aparat de aer conditionat Samsung FreshAir-AR12TXHQASINEU, Inverter, 12000 BTU, Clasa A++/A 
 
Reduce consumul de energie 
 
Economiseste bani in fiecare zi cu ajutorul tehnologiei Digital Inverter. Acesta mentine temperatura dorita fara sa se opreasca si sa porneasca frecvent, prin urmare, exista o fluctuatie mai mica. De asemenea, acesta foloseste magneti puternici si un amortizor, deci este mai putin zgomotos, dureaza mult mai mult si reduce consumul de energie. 
 
 
 
Racoreste mai rapid 
 
Raceste o camera intreaga rapid si eficient. Modul Fast Cooling functionează la cea mai rapida viteza a ventilatorului, inainte de a incetini. Prin urmare, acesta raceste sau incalzeste mult mai repede in comparatie cu modul normal si atinge temperatura dorita in cel mai scurt timp. Este ideal pentru o evadare imediata de la caldura din afara. 
 
 
 
Respira un aer mai curat - Filtru HD 
 
Asigura-te ca aerul pe care il respiri este mereu curat si proaspat. Filtrul HD este foarte eficient la captarea prafului, a contaminantilor din aer si a alergenilor, cum ar fi polenul, sporii de mucegai si matreata animalelor de companie. De asemenea, este lavabil, asa ca tot ce trebuie sa faci este sa-l clatesti rapid in apa si apoi sa-l reutilizezi. 
 
 
 
Bucura-te de un somn odihnitor 
 
Bucura-te de un somn odihnitor - in fiecare noapte! Modul Good Sleep controleaza automat si regleaza potrivit temperatura pentru a crea conditiile ideale pentru fiecare etapa a ciclului de somn. Prin urmare, vei castiga minute de somn pretioase si te vei simti complet revigorat(a). Pe langa asta, utilizeaza mai putina energie decat racirea obisnuita. 
 
 
 
Raceste fiecare colt - Baleiere automata pe 2 directii 
 
Creeaza un mediu confortabil, cu o temperatura uniforma in fiecare colt. Functia de baleiere automata pe 2 directii controleaza automat directia fluxului de aer, astfel incat este distribuita rapid si uniform in toata camera. Poate refula aerul rece sau cald mult mai in fata si in toate directiile pentru a asigura confortul maxim. 
 
 
 
Racoare de lunga durata - DuraFin+ 
 
Bucura-te de o racoare confortabila pentru mai mult timp. DuraFin+ este fabricat dintr-un material rezistent la coroziune pentru a proteja condensatorul impotriva ruginii, ceea ce ajuta la mentinerea performantelor optime ale aparatului. Rezistenta sa excelenta la coroziune a fost dovedita folosind Testul de pulverizare cu sare (SST) timp de 480 de ore*.",https://aparatedeaerconditionat.ro/wp-content/uploads/2022/03/res_fdc66684bd9e738a3d594a4b1c2980391.jpg,https://aparatedeaerconditionat.ro/produs/aer-conditionat-samsung-freshair-ar12txhqasineu-digital-inverter-bldc-12000-btu-clasa-a-a/,"aer conditionat, Aparate de aer conditionat 12.000 BTU, Aparate de aer conditonat rezidentiale","Aparate de aer conditionat",2350RON,out of stock,wc_post_id_8814,,"https://aparatedeaerconditionat.ro/wp-content/uploads/2022/03/res_8e6d98f613241a1459e130b4b86f9f151.jpg,https://aparatedeaerconditionat.ro/wp-content/uploads/2022/03/res_e9ce9d08774de9401a1924953d934de51.jpg",,0,new,published,,,,,,,
wc_post_id_8806,"Aer conditionat VORTEX VAI1222FJW, 12000 BTU, A++/A+, Wi-Fi, kit instalare inclus, alb","Descriere 
 
 
 
 
 
 
 
 
 
 
 
Versatilitatea unui aer conditionat Vortex? 
 
Este simplu cand ai la indemana cea mai noua tehnologie! 
 
 
 
 
 
 
 
 
Wi-Fi Inteligent 
 
Prin reglarea temperaturii, cu ajutorul aparatului de aer conditionat Vortex, beneficiezi de un confort sporit la tine acasa indiferent de vreme. 
 
Modulul Wi-fi incorporat iti ofera posibilitatea de a accesa functiile aparatului doar prin intermediul smartphone-ului. Indiferent de vremea de afara, cu un singur click poti selecta temperatura ambientala potrivita. 
 
 
 
 
 
 
 
 
 
Masoara constant temperatura corpului prin intermediul aplicatiilor inteligente calibreaza automat temperatura in functie de nevoile tale, protejandu-te de temperaturi scazute ori ridicate, asigurand un somn placut si relaxant exact atunci cand ai nevoie. 
 
 
 
 
 
 
 
 
 
Freon sintetic de ultima generatie 
 
R32 este un agent frigorific de ultima generatie ce are un transfer termic ridicat, cu un impact redus asupra mediului inconjurator. Proprietatile sale termodinamice il fac sa fie mai eficient energetic decat R410A imbunatatind, totodata, capacitatea de racire prin reducerea incarcarii echipamentului. Cu un GWP (potential de incalzire globala) reprezentand doar o treime din GWP-ul R410a, R32 este mult mai ecologic. 
 
 
 
 
 
 
 
 
 
Functie Anti-Fungus 
 
Aparatul de aer conditionat porneste procesul Anti-Fungus imediat dupa racirea si umidificarea aerului. Astfel familia ta ramane protejata in fata bacteriilor si a ciupercilor cu transmisie aeriana, ca tu si cei dragi sa ramaneti in siguranta si sa va puteti bucura de o atmosfera prietenoasa. 
 
 
 
 
 
 
 
 
 
Sleep Mode 
 
Cu functia de sleep nu trebuie sa iti mai faci griji pentru consumul de energie sau variatiile de temperatura, aceasta asigura reglarea constanta a temperaturii in incapere precum si economisirea energiei electrice. Functia Sleep permite intrarea in repaus a unitatii odata ce atinge temperatura setata precum si controlul ei in diferite intervale orare alese de tine. 
 
 
 
 
 
 
 
Auto-DiagnosticareMonitorizarea erorilor si a defectiunilor nu a fost niciodata mai simpla, prin apasarea unui singur buton, unitatea incepe evaluarea functiilor si a sistemelor. Erorile se afiseaza automat sub forma unui cod specific pentru a indentifica usor si simplu orice impediment. 
 
 
 
 
 
 
 
 
 
 
Dezghetare inteligenta 
 
Vremea rece este tinuta la distanta de catre functia: Dezghetare inteligenta. Aceasta functie permite dezghetarea unitatii la temperaturi scazute si inghet prin pre-incalzirea ei, astfel eviti micile inconveniente ori defectiuni. 
 
 
 
 
 
 
 
 
 
Functie TURBO 
 
Temperaturi ridicate, ai ajuns acasa si te simti ca intr-o sauna? Nu iti face griji, functia Turbo asigura racirea ori incalzirea rapida a incaperii. Astfel esti mereu la un buton distanta de temperatura dorita in cel mai scurt timp posibil. 
 
 
 
 
 
 
 
 
 
I FEEL 
 
Aparatul de aer conditionat isi va ajusta debitul si temperatura aerului vehiculat pentru a oferi maxim de confort acolo unde esti tu. Senzorul incorporat in telecomanda simte temperatura din jurul acesteia si o transmite unitatii interioare. 
 
 
 
 
 
 
 
 
 
Auto restart 
 
Este functia care reporneste aparatul de aer conditionat si il face sa functioneze conform ultimelor setari, daca acesta s-a oprit la o pana de curent sau a fost deconectat de la sursa de alimentare.",https://aparatedeaerconditionat.ro/wp-content/uploads/2022/03/VAI09_1222FJW_IU1.jpg,https://aparatedeaerconditionat.ro/produs/aer-conditionat-vortex-vai1222fjw-12000-btu-a-a-wi-fi-kit-instalare-inclus-alb/,"aer conditionat, Aparate de aer conditionat 12.000 BTU, Aparate de aer conditonat rezidentiale","Aparate de aer conditionat",1869RON,out of stock,wc_post_id_8806,,"https://aparatedeaerconditionat.ro/wp-content/uploads/2022/03/VAI09_1222FJW_all1.jpg,https://aparatedeaerconditionat.ro/wp-content/uploads/2022/03/VAI1222FJW_EL1.jpg",,0,new,published,,,,,,,
wc_post_id_8801,"Aer conditionat VORTEX VAI1222FA, 12000 BTU, A++/A+, kit instalare inclus, alb","Aer conditionat Vortex: Eficiență energetică și performanțe superioare 
Aerul condiționat Vortex este cunoscut pentru tehnologia sa inovatoare și performanțele de top. Acestea sunt proiectate pentru a oferi o climatizare eficientă și rapidă, fără a consuma multă energie. Vortex VAi1222FA este unul dintre cele mai populare modele de aer condiționat Vortex de pe piață, fiind apreciat pentru funcțiile sale inteligente și capacitatea sa de a răci rapid camerele de dimensiuni medii. 
 
Cu o capacitate de răcire de 12.000 BTU, aparatul de aer condiționat Vortex VAi1222FA poate răci o cameră de aproximativ 35-40 metri pătrați. Acesta vine cu o serie de caracteristici utile, precum modul de încălzire, filtrele de aer de înaltă performanță și controlul prin Wi-Fi, care vă permite să controlați temperatura și setările aparatului de la distanță prin intermediul unei aplicații mobile. 
 
Una dintre caracteristicile cheie ale aerului condiționat Vortex este tehnologia sa de flux de aer în spirală, care îmbunătățește circulația aerului și asigură o răcire mai rapidă și mai uniformă în întreaga cameră. Această tehnologie este cunoscută sub numele de Vortex Air Flow System, care a fost brevetată de Vortex pentru a îmbunătăți performanța aparatului. 
 
Pe lângă performanțele excelente și caracteristicile sale inteligente, aerul condiționat Vortex este, de asemenea, cunoscut pentru design-ul său modern și elegant. În general, aparatul de aer condiționat Vortex VAi1222FA este o alegere excelentă pentru cei care caută o soluție de climatizare de înaltă performanță și eficientă energetic. 
 
În concluzie, aerul condiționat Vortex este un aparat de încredere, cu performanțe superioare și caracteristici inteligente care îl fac o alegere excelentă pentru cei care caută o soluție de climatizare de înaltă calitate. În special, modelul Vortex VAi1222FA oferă o capacitate de răcire puternică de 12.000 BTU și caracteristici inteligente, precum controlul prin Wi-Fi, filtre de aer de înaltă performanță și tehnologia Vortex Air Flow System, care îmbunătățește circulația aerului și eficiența energetică. 
 
 
Caracteristici inteligente și design modern pentru aparatul de aer condiționat Vortex 
Aparatul de aer conditionat Vortex este creat pentru a te ajuta sa controlezi temperatura casei indiferent de vreme, asigurandu-ti confortul de care ai nevoie. 
 
Masoara constant temperatura corpului prin intermediul aplicatiilor inteligente calibreaza automat temperatura in functie de nevoile tale, protejandu-te de temperaturi scazute ori ridicate, asigurand un somn placut si relaxant exact atunci cand ai nevoie. 
 
 
Descoperiți modelul de top al brandului Vortex: Aer conditionat Vortex VAi1222FA 
 
 
Freon sintetic de ultima generatie  
 
R32 este un agent frigorific de ultima generatie ce are un transfer termic ridicat, cu un impact redus asupra mediului inconjurator. Proprietatile sale termodinamice il fac sa fie mai eficient energetic decat R410A imbunatatind, totodata, capacitatea de racire prin reducerea incarcarii echipamentului. Cu un GWP (potential de incalzire globala) reprezentand doar o treime din GWP-ul R410a, R32 este mult mai ecologic. 
 
 
 
Functie Anti-Fungus 
 
Aparatul de aer conditionat porneste procesul Anti-Fungus imediat dupa racirea si umidificarea aerului. Astfel familia ta ramane protejata in fata bacteriilor si a ciupercilor cu transmisie aeriana, ca tu si cei dragi sa ramaneti in siguranta si sa va puteti bucura de o atmosfera prietenoasa. 
 
 
 
Sleep Mode 
 
Cu functia de sleep nu trebuie sa iti mai faci griji pentru consumul de energie sau variatiile de temperatura, aceasta asigura reglarea constanta a temperaturii in incapere precum si economisirea energiei electrice. Functia Sleep permite intrarea in repaus a unitatii odata ce atinge temperatura setata precum si controlul ei in diferite intervale orare alese de tine. 
 
 
 
Auto-DiagnosticareMonitorizarea erorilor si a defectiunilor nu a fost niciodata mai simpla, prin apasarea unui singur buton, unitatea incepe evaluarea functiilor si a sistemelor. Erorile se afiseaza automat sub forma unui cod specific pentru a indentifica usor si simplu orice impediment. 
 
 
 
Dezghetare inteligenta 
 
Vremea rece este tinuta la distanta de catre functia: Dezghetare inteligenta. Aceasta functie permite dezghetarea unitatii la temperaturi scazute si inghet prin pre-incalzirea ei, astfel eviti micile inconveniente ori defectiuni.",https://aparatedeaerconditionat.ro/wp-content/uploads/2022/03/VAI09-1222FA1.jpg,https://aparatedeaerconditionat.ro/produs/aer-conditionat-vortex-vai1222fa-12000-btu-a-a-kit-instalare-inclus-alb/,"aer conditionat, Aparate de aer conditionat 12.000 BTU, Aparate de aer conditonat rezidentiale","Aparate de aer conditionat",1650RON,out of stock,wc_post_id_8801,,"https://aparatedeaerconditionat.ro/wp-content/uploads/2022/03/VAI09-1222FA_all_small1.jpg,https://aparatedeaerconditionat.ro/wp-content/uploads/2022/03/VAI1222FA_EL1.jpg",,0,new,published,,,,,,,
wc_post_id_8739,"Dezumidificator Gree Daisy GDN20BD-K5EBAA1","Mentine umiditatea in parametrii normali in spatiile rezidentiale; 
  Previne aparatia mucegaiului; 
  Poate fi folosit in camere de locuit, bai, demisoluri, uscatorii si alte aplicatii casnice; 
  Afisaj usor de folosit; 
  Potrivit pentru spatii de pana la 30mp; 
  Filtru de aer lavabil ce retine impuritatile si combate inmultirea bacteriilor; 
  Usor de transportat; 
  Indicator luminos de preaplin; 
  Oprirea automata a functionarii la preaplin.",https://aparatedeaerconditionat.ro/wp-content/uploads/2022/03/gree-dezumidificator-3.jpg,https://aparatedeaerconditionat.ro/produs/dezumidificator-gree-daisy-gdn20bd-k5ebaa1/,"Tratare aer","Aparate de aer conditionat",1100RON,in stock,wc_post_id_8739,,,,0,new,published,,,,,,,
wc_post_id_8651,"Aparat de Aer Conditionat Tip Coloana Gree GVH48AH-M3DNA5A inverter, 48000 BTU, coloana de podea, clasa A","Coloana Fresh Wind​ 
 
Asigura economie de energie datorita clasei A de functionare atat in regim de racire cat si in regim de incalzire. 
 
Este solutia ideala in spatii cu pereti vitrati ce nu permit montajul altor sisteme de climatizare. 
 
Asigura posibilitatea autodiagnozei ce reduce  timpul de interventie. 
 
Confera un climat adecvat intr-un timp cat mai scurt cu ajutorul functiei ,,Turbo''. 
 
Ofera posibilitatea functionarii dupa un anumit program stabilit de utilizator prin functia Timer. 
 
Micsorarea timpului de nefunctionare in regim de incalzire in timpul dezghetarii prin functia de ,, Dezghetare inteligenta''. 
 
Protejeaza persoanele din incapere de aerul rece la pornirea in regim de incalzire in timpul sezonului rece prin functia de ,, Preincalzire inteligenta''.",https://aparatedeaerconditionat.ro/wp-content/uploads/2022/03/coloana.jpg,https://aparatedeaerconditionat.ro/produs/aparat-de-aer-conditionat-tip-coloana-gree-gvh48ah-m3dna5a-inverter-48000-btu-coloana-de-podea-clasa-a/,"aer conditionat, Aparate de aer comerciale, Aparate de aer conditionat 48000 BTU, Aparate de aer conditionat coloana","Aparate de aer conditionat",14500RON,in stock,wc_post_id_8651,,"https://aparatedeaerconditionat.ro/wp-content/uploads/2022/03/telecomanda-coloana.jpg,https://aparatedeaerconditionat.ro/wp-content/uploads/2022/03/unitate-exterioara-coloana.jpg",,0,new,published,,,,,,,
wc_post_id_8646,"Aparat de Aer Conditionat Tip Coloana de podea Gree GVH24MA - K6DNC7A Eco inverter, 24000 BTU, garantie 3 ani, clasa A++","Detalii functii 
 
 
 
 
 
 
 
 
 
  
 
 
 
 
 
 
 
 
 
 
Afisaj LED 
Panoul frontal al unitatii interioare este dotat cu afisaj LED.",https://aparatedeaerconditionat.ro/wp-content/uploads/2022/03/coloana-r32.jpg,https://aparatedeaerconditionat.ro/produs/coloana-de-podea-r32/,"aer conditionat, Aparate de aer comerciale, Aparate de aer conditionat 24000 BTU, Aparate de aer conditionat coloana","Aparate de aer conditionat",7799RON,in stock,wc_post_id_8646,,"https://aparatedeaerconditionat.ro/wp-content/uploads/2022/03/coloana-telecomanda-r32.jpg,https://aparatedeaerconditionat.ro/wp-content/uploads/2022/03/coloane-exterioara-r32.jpg",,0,new,published,,,,,,,
wc_post_id_8616,"Aparat de aer conditionat Gree Fairy R32 GWH24ACE-K6DNA1A Inverter 24000 BTU, Clasa A++, G10 Inverter, Buton Turbo, Auto-diagnoza, Wi-FI","FAIRY LCLH 
 
 
 
 
 
 
 
 
 
 
 
   
   
   
 
 
 
 
 
Functii: 
Control Wi-FiFlux de aer 3DIncalzire la -25°CRacire la 50°CCold PlasmaFiltru suplimentarAuto curatareMod silentiosButon TurboVentilator cu 7 trepte de viteza3 Setari in modul SleepEconomisire de energieI FeelTemporizatorIncalzire la 8°CPre-incalzireDezghetare inteligentaAuto-diagnozaAuto-restartPornire la tensiune scazuta 
Documentatie Date tehnice Certificate energetice 
 
 
 
 
 
Clasa de energie: 
 
 
A++ 
 
 
 
A+ 
 
 
 
 
 
 
 
 
 
 
 
 
 
 
 
 
 
 
 
De la adiere blanda la suflare vijelioasa 
Viteza ventilatorului cu 7 viteze poate fi ajustata cu usurinta din telecomanda.In treapta Turbo, temperatura camerei se modifica imediat si va da posibilitatea sa va bucurati rapid de racoare, in timp ce, la viteza minima, va puteti destinde intr-o ambianta placuta, in liniste. 
 
 
 
 
 
 
 
 
 
 
Curat ca lacrima 
Prin cei 4 pasi consecutivi - condensare, inghetare, dezghetare si uscare -, odata activata, functia de auto-curatare asigura, cu ajutorul tehnologiei inovatoare, curatarea in profunzime a evaporatorului, prin indepartarea murdariei, eliminand eventualele surde ale mirosurilor neplacute si pastrand aerul curat. 
 
 
 
 
 
 
 
 
Generator Cold Plasma 
Aparatul de aer conditionat reuseste prin emiterea de ioni incarcati negativ sa purifice aerul si sa indeparteze mirosurile neplacute. Este foarte potrivit pentru bebelusi, copii mici, batrani. 
 
 
 
 
 
 
 
 
 
 
Incalzire puternica chiar si la temperaturi scazute 
Functionare optima pe timp de iarna in regim de incalzire pana la o temperatura exterioara de -25°C. Acum te poti bucura de caldura caminului tau, fara sa tii cont de frigul de afara. 
 
 
 
 
 
 
 
 
Pur si simplu, aer sanatos 
Prin filtrarea dubla aerul eliberat in camera este curat si sanatos. Filtrul lavabil de inalta densitate blochează praful si impuritătile grosiere, in timp ce al doilea filtru elimina particulele fine, avand si efect anti-bacterian. 
 
 
 
 
 
 
 
 
 
 
Noul freon R32 este mult mai prietenos cu mediul 
Alegerea unui echipament Gree cu freon R-32 reduce impactul asupra mediului cu peste 68% în comparatie cu un produs cu R-410A si duce la un consum mai scazut de energie datorita eficientei energetice ridicate. Freonul R32 este un agent frigorific de generatie viitoare, care transporta in mod eficient caldura si are un impact redus asupra mediului inconjurator. De asemenea freonul R32 este usor de reciclat, fiind un agent frigorific monocomponent. 
 
 
 
 
 
 
 
 
 
Detalii functii 
 
 
 
 
 
 
 
 
Control Wi-Fi 
Aparatul permite control de la distanta, prin WiFi, cu ajutorul aplicatiei specifice si dispozitivului mobil inteligent 
 
 
 
 
 
 
 
 
 
 
Flux de aer 3D 
Optimizează fluxul de aer furnizat de unitatea interioară, facilitând direcționarea aerului atât pe verticală, cât si pe orizontală. 
 
 
 
 
 
 
 
 
 
 
Incalzire la -25°C 
Aparatul functioneaza la parametri optimi, in modul de incalzire, pana la temperatura exterioara de -25°C. 
 
 
 
 
 
 
 
 
 
 
Racire la 50°C 
Aparatul functioneaza la parametri optimi, in modul de racire, pana la temperatura exterioara de 50°C.",https://aparatedeaerconditionat.ro/wp-content/uploads/2022/03/res_671a41129ad25802f4001a17c47f9fdc1.jpg,https://aparatedeaerconditionat.ro/produs/aparat-de-aer-conditionat-gree-fairy-r32-gwh24ace-k6dna1a-inverter-24000-btu-clasa-a-g10-inverter-buton-turbo-auto-diagnoza-wi-fi/,"aer conditionat, Aparate de aer conditionat 24000 BTU, Aparate de aer conditonat rezidentiale","Aparate de aer conditionat",4000RON,out of stock,wc_post_id_8616,,"https://aparatedeaerconditionat.ro/wp-content/uploads/2022/03/res_a97e55b013b72634d55439ed759b19171.jpg,https://aparatedeaerconditionat.ro/wp-content/uploads/2022/03/res_5a373dc5eda8feabc4acb10f02cf786d1.jpg",,0,new,published,,,,,,,
wc_post_id_8540,"Aer conditionat Gree Fairy GWH12ACC-K6DNA1F, 12000 BTU, wi-fi, R32, kit de instalare inclus, alb","FAIRY LCLH 
 
 
 
 
 
 
 
 
KIT DE INSTALARE INCLUS 
Pentru 9000 BTU si 12000 BTU 
 
 
 
 
   
   
   
 
 
 
 
 
Functii: 
Control Wi-FiFlux de aer 3DIncalzire la -25°CRacire la 50°CCold PlasmaFiltru suplimentarAuto curatareMod silentiosButon TurboVentilator cu 7 trepte de viteza3 Setari in modul SleepEconomisire de energieI FeelTemporizatorIncalzire la 8°CPre-incalzireDezghetare inteligentaAuto-diagnozaAuto-restartPornire la tensiune scazuta 
 
 
 
 
 
 
Clasa de energie: 
 
 
A++ 
 
 
 
A+ 
 
 
 
 
 
 
 
 
 
 
 
 
 
 
 
 
 
 
 
De la adiere blanda la suflare vijelioasa 
Viteza ventilatorului cu 7 viteze poate fi ajustata cu usurinta din telecomanda.In treapta Turbo, temperatura camerei se modifica imediat si va da posibilitatea sa va bucurati rapid de racoare, in timp ce, la viteza minima, va puteti destinde intr-o ambianta placuta, in liniste. 
 
 
 
 
 
 
 
 
 
 
Curat ca lacrima 
Prin cei 4 pasi consecutivi - condensare, inghetare, dezghetare si uscare -, odata activata, functia de auto-curatare asigura, cu ajutorul tehnologiei inovatoare, curatarea in profunzime a evaporatorului, prin indepartarea murdariei, eliminand eventualele surde ale mirosurilor neplacute si pastrand aerul curat. 
 
 
 
 
 
 
 
 
Generator Cold Plasma 
Aparatul de aer conditionat reuseste prin emiterea de ioni incarcati negativ sa purifice aerul si sa indeparteze mirosurile neplacute. Este foarte potrivit pentru bebelusi, copii mici, batrani. 
 
 
 
 
 
 
 
 
 
 
Incalzire puternica chiar si la temperaturi scazute 
Functionare optima pe timp de iarna in regim de incalzire pana la o temperatura exterioara de -25°C. Acum te poti bucura de caldura caminului tau, fara sa tii cont de frigul de afara. 
 
 
 
 
 
 
 
 
Pur si simplu, aer sanatos 
Prin filtrarea dubla aerul eliberat in camera este curat si sanatos. Filtrul lavabil de inalta densitate blochează praful si impuritătile grosiere, in timp ce al doilea filtru elimina particulele fine, avand si efect anti-bacterian. 
 
 
 
 
 
 
 
 
 
 
Noul freon R32 este mult mai prietenos cu mediul 
Alegerea unui echipament Gree cu freon R-32 reduce impactul asupra mediului cu peste 68% în comparatie cu un produs cu R-410A si duce la un consum mai scazut de energie datorita eficientei energetice ridicate. Freonul R32 este un agent frigorific de generatie viitoare, care transporta in mod eficient caldura si are un impact redus asupra mediului inconjurator. De asemenea freonul R32 este usor de reciclat, fiind un agent frigorific monocomponent. 
 
 
 
 
 
 
 
 
 
Detalii functii 
 
 
 
 
 
 
  
 
 
 
Control Wi-Fi 
Aparatul permite control de la distanta, prin WiFi, cu ajutorul aplicatiei specifice si dispozitivului mobil inteligent 
 
 
 
 
 
 
 
 
  
 
 
 
Flux de aer 3D 
Optimizează fluxul de aer furnizat de unitatea interioară, facilitând direcționarea aerului atât pe verticală, cât si pe orizontală. 
 
 
 
 
 
 
 
 
  
 
 
 
Incalzire la -25°C 
Aparatul functioneaza la parametri optimi, in modul de incalzire, pana la temperatura exterioara de -25°C. 
 
 
 
 
 
 
 
 
  
 
 
 
Racire la 50°C 
Aparatul functioneaza la parametri optimi, in modul de racire, pana la temperatura exterioara de 50°C.",https://aparatedeaerconditionat.ro/wp-content/uploads/2022/03/res_2908c3cb90c660a708edbda57af6c2f91-1.jpg,https://aparatedeaerconditionat.ro/produs/aer-conditionat-gree-fairy-gwh12acc-k6dna1f-12000-btu-wi-fi-r32-kit-de-instalare-inclus-alb-2/,"aer conditionat, Aparate de aer conditionat 12.000 BTU","Aparate de aer conditionat",2100RON,out of stock,wc_post_id_8540,,"https://aparatedeaerconditionat.ro/wp-content/uploads/2022/03/res_0a377590c1eda4460331dabe0008df601-1.jpg,https://aparatedeaerconditionat.ro/wp-content/uploads/2022/03/res_d88af7300cc2468573ae157433678a921-1.jpg,https://aparatedeaerconditionat.ro/wp-content/uploads/2022/03/res_fc6ffae897df0903f30a4450cbff95a11-1.jpg",,0,new,published,,,,,,,
wc_post_id_8534,"Aparat de aer conditionat Gree Fairy R32 GWH09ACC-K6DNA1A Inverter 9000 BTU, Clasa A++, G10 Inverter, Buton Turbo, Auto-diagnoza, Wi-FI","FAIRY LCLH 
 
 
 
 
 
 
 
 
KIT DE INSTALARE INCLUS 
Pentru 9000 BTU si 12000 BTU 
 
 
 
 
   
   
   
 
 
 
 
 
Functii: 
Control Wi-FiFlux de aer 3DIncalzire la -25°CRacire la 50°CCold PlasmaFiltru suplimentarAuto curatareMod silentiosButon TurboVentilator cu 7 trepte de viteza3 Setari in modul SleepEconomisire de energieI FeelTemporizatorIncalzire la 8°CPre-incalzireDezghetare inteligentaAuto-diagnozaAuto-restartPornire la tensiune scazuta 
Documentatie Date tehnice Certificate energetice 
 
 
 
 
 
Clasa de energie: 
 
 
A++ 
 
 
 
A+ 
 
 
 
 
 
 
 
 
 
 
 
 
 
 
 
 
 
 
 
De la adiere blanda la suflare vijelioasa 
Viteza ventilatorului cu 7 viteze poate fi ajustata cu usurinta din telecomanda.In treapta Turbo, temperatura camerei se modifica imediat si va da posibilitatea sa va bucurati rapid de racoare, in timp ce, la viteza minima, va puteti destinde intr-o ambianta placuta, in liniste. 
 
 
 
 
 
 
 
 
 
 
Curat ca lacrima 
Prin cei 4 pasi consecutivi - condensare, inghetare, dezghetare si uscare -, odata activata, functia de auto-curatare asigura, cu ajutorul tehnologiei inovatoare, curatarea in profunzime a evaporatorului, prin indepartarea murdariei, eliminand eventualele surde ale mirosurilor neplacute si pastrand aerul curat. 
 
 
 
 
 
 
 
 
Generator Cold Plasma 
Aparatul de aer conditionat reuseste prin emiterea de ioni incarcati negativ sa purifice aerul si sa indeparteze mirosurile neplacute. Este foarte potrivit pentru bebelusi, copii mici, batrani. 
 
 
 
 
 
 
 
 
 
 
Incalzire puternica chiar si la temperaturi scazute 
Functionare optima pe timp de iarna in regim de incalzire pana la o temperatura exterioara de -25°C. Acum te poti bucura de caldura caminului tau, fara sa tii cont de frigul de afara. 
 
 
 
 
 
 
 
 
Pur si simplu, aer sanatos 
Prin filtrarea dubla aerul eliberat in camera este curat si sanatos. Filtrul lavabil de inalta densitate blochează praful si impuritătile grosiere, in timp ce al doilea filtru elimina particulele fine, avand si efect anti-bacterian. 
 
 
 
 
 
 
 
 
 
 
Noul freon R32 este mult mai prietenos cu mediul 
Alegerea unui echipament Gree cu freon R-32 reduce impactul asupra mediului cu peste 68% în comparatie cu un produs cu R-410A si duce la un consum mai scazut de energie datorita eficientei energetice ridicate. Freonul R32 este un agent frigorific de generatie viitoare, care transporta in mod eficient caldura si are un impact redus asupra mediului inconjurator. De asemenea freonul R32 este usor de reciclat, fiind un agent frigorific monocomponent. 
 
 
 
 
 
 
 
 
 
Detalii functii 
 
 
 
 
 
 
 
 
Control Wi-Fi 
Aparatul permite control de la distanta, prin WiFi, cu ajutorul aplicatiei specifice si dispozitivului mobil inteligent 
 
 
 
 
 
 
 
 
 
 
Flux de aer 3D 
Optimizează fluxul de aer furnizat de unitatea interioară, facilitând direcționarea aerului atât pe verticală, cât si pe orizontală. 
 
 
 
 
 
 
 
 
 
 
Incalzire la -25°C 
Aparatul functioneaza la parametri optimi, in modul de incalzire, pana la temperatura exterioara de -25°C. 
 
 
 
 
 
 
 
 
 
 
Racire la 50°C 
Aparatul functioneaza la parametri optimi, in modul de racire, pana la temperatura exterioara de 50°C.",https://aparatedeaerconditionat.ro/wp-content/uploads/2022/03/res_d88af7300cc2468573ae157433678a921.jpg,https://aparatedeaerconditionat.ro/produs/aer-conditionat-gree-fairy-gwh12acc-k6dna1f-12000-btu-wi-fi-r32-kit-de-instalare-inclus-alb/,"aer conditionat, Aparate de aer condtionat 9000 BTU","Aparate de aer conditionat",2549RON,in stock,wc_post_id_8534,,"https://aparatedeaerconditionat.ro/wp-content/uploads/2022/03/res_fc6ffae897df0903f30a4450cbff95a11.jpg,https://aparatedeaerconditionat.ro/wp-content/uploads/2022/03/res_0a377590c1eda4460331dabe0008df601.jpg,https://aparatedeaerconditionat.ro/wp-content/uploads/2022/03/res_2908c3cb90c660a708edbda57af6c2f91.jpg",,0,new,published,,,,,,,
wc_post_id_8531,"Aer conditionat Gree Fairy GWH12ACC-K6DNA1F, 12000 BTU, Wi-Fi Intelligent Control, R32, Kit de instalare inclus, Negru","FAIRY BLACK 
 
 
 
 
 
 
 
 
 
   
   
   
 
 
 
 
 
Functii: 
Control Wi-FiFlux de aer 3DDesign elegantIncalzire la -25°CRacire la 50°CCold PlasmaFiltru suplimentarAuto curatareMod silentiosButon TurboVentilator cu 7 trepte de viteza3 Setari in modul SleepEconomisire de energieI FeelTemporizatorIncalzire la 8°CPre-incalzireDezghetare inteligentaAuto-diagnozaAuto-restartPornire la tensiune scazuta 
Documentatie Date tehnice Certificate energetice 
 
 
 
 
 
Clasa de energie: 
 
 
A++ 
 
 
 
A+ 
 
 
 
 
 
 
 
 
 
 
 
 
 
 
 
 
 
 
 
De la adiere blanda la suflare vijelioasa 
Viteza ventilatorului cu 7 viteze poate fi ajustata cu usurinta din telecomanda.In treapta Turbo, temperatura camerei se modifica imediat si va da posibilitatea sa va bucurati rapid de racoare, in timp ce, la viteza minima, va puteti destinde intr-o ambianta placuta, in liniste. 
 
 
 
 
 
 
 
 
 
 
Curat ca lacrima 
Prin cei 4 pasi consecutivi - condensare, inghetare, dezghetare si uscare -, odata activata, functia de auto-curatare asigura, cu ajutorul tehnologiei inovatoare, curatarea in profunzime a evaporatorului, prin indepartarea murdariei, eliminand eventualele surde ale mirosurilor neplacute si pastrand aerul curat. 
 
 
 
 
 
 
 
 
Generator Cold Plasma 
Aparatul de aer conditionat reuseste prin emiterea de ioni incarcati negativ sa purifice aerul si sa indeparteze mirosurile neplacute. Este foarte potrivit pentru bebelusi, copii mici, batrani. 
 
 
 
 
 
 
 
 
 
 
Incalzire puternica chiar si la temperaturi scazute 
Functionare optima pe timp de iarna in regim de incalzire pana la o temperatura exterioara de -25°C. Acum te poti bucura de caldura caminului tau, fara sa tii cont de frigul de afara. 
 
 
 
 
 
 
 
 
Pur si simplu, aer sanatos 
Prin filtrarea dubla aerul eliberat in camera este curat si sanatos. Filtrul lavabil de inalta densitate blochează praful si impuritătile grosiere, in timp ce al doilea filtru elimina particulele fine, avand si efect anti-bacterian. 
 
 
 
 
 
 
 
 
 
 
Noul freon R32 este mult mai prietenos cu mediul 
Alegerea unui echipament Gree cu freon R-32 reduce impactul asupra mediului cu peste 68% în comparatie cu un produs cu R-410A si duce la un consum mai scazut de energie datorita eficientei energetice ridicate. Freonul R32 este un agent frigorific de generatie viitoare, care transporta in mod eficient caldura si are un impact redus asupra mediului inconjurator. De asemenea freonul R32 este usor de reciclat, fiind un agent frigorific monocomponent. 
 
 
 
 
 
 
 
 
 
Detalii functii 
 
 
 
 
 
 
  
 
 
 
Control Wi-Fi 
Aparatul permite control de la distanta, prin WiFi, cu ajutorul aplicatiei specifice si dispozitivului mobil inteligent 
 
 
 
 
 
 
 
 
  
 
 
 
Flux de aer 3D 
Optimizează fluxul de aer furnizat de unitatea interioară, facilitând direcționarea aerului atât pe verticală, cât si pe orizontală. 
 
 
 
 
 
 
 
 
  
 
 
 
Design elegant 
Panoul unitatii interioare are un design elegant si fluent, cu micropori care permit admisia aerului in unitate, mascati gratios prin striatii orizontale, evazate spre laterale si incadrate intr-o bordura argintie. 
 
 
 
 
 
 
 
 
  
 
 
 
Incalzire la -25°C 
Aparatul functioneaza la parametri optimi, in modul de incalzire, pana la temperatura exterioara de -25°C.",https://aparatedeaerconditionat.ro/wp-content/uploads/2022/03/gree-fairy-black-panel.jpg,https://aparatedeaerconditionat.ro/produs/aer-conditionat-gree-fairy-gwh12acc-k6dna1f-12000-btu-wi-fi-intelligent-control-r32-kit-de-instalare-inclus-negru/,"aer conditionat, Aparate de aer conditionat 12.000 BTU","Aparate de aer conditionat",2100RON,out of stock,wc_post_id_8531,,"https://aparatedeaerconditionat.ro/wp-content/uploads/2022/03/res_688e37e7a460570898c72865fc60fc881.jpg,https://aparatedeaerconditionat.ro/wp-content/uploads/2022/03/res_900e0baaf087ad78664fb85698fbf32c1.jpg",,0,new,published,,,,,,,
wc_post_id_8525,"Aer conditionat Gree Fairy Black GWH09ACC-K6DNA1F, 9000 BTU, Wi-Fi Intelligent Control, R32, Kit de instalare inclus","FAIRY BLACK 
 
 
 
 
 
 
 
 
 
 
 
   
   
   
 
 
 
 
 
Functii: 
Control Wi-FiFlux de aer 3DDesign elegantIncalzire la -25°CRacire la 50°CCold PlasmaFiltru suplimentarAuto curatareMod silentiosButon TurboVentilator cu 7 trepte de viteza3 Setari in modul SleepEconomisire de energieI FeelTemporizatorIncalzire la 8°CPre-incalzireDezghetare inteligentaAuto-diagnozaAuto-restartPornire la tensiune scazuta 
Documentatie Date tehnice Certificate energetice 
 
 
 
 
 
Clasa de energie: 
 
 
A++ 
 
 
 
A+ 
 
 
 
Cumpara onlineDescarca garantieActiveaza garantieSolicita instalare 
 
 
 
 
 
 
 
 
 
 
 
 
 
 
 
De la adiere blanda la suflare vijelioasa 
Viteza ventilatorului cu 7 viteze poate fi ajustata cu usurinta din telecomanda.In treapta Turbo, temperatura camerei se modifica imediat si va da posibilitatea sa va bucurati rapid de racoare, in timp ce, la viteza minima, va puteti destinde intr-o ambianta placuta, in liniste. 
 
 
 
 
 
 
 
 
 
 
Curat ca lacrima 
Prin cei 4 pasi consecutivi - condensare, inghetare, dezghetare si uscare -, odata activata, functia de auto-curatare asigura, cu ajutorul tehnologiei inovatoare, curatarea in profunzime a evaporatorului, prin indepartarea murdariei, eliminand eventualele surde ale mirosurilor neplacute si pastrand aerul curat. 
 
 
 
 
 
 
 
 
Generator Cold Plasma 
Aparatul de aer conditionat reuseste prin emiterea de ioni incarcati negativ sa purifice aerul si sa indeparteze mirosurile neplacute. Este foarte potrivit pentru bebelusi, copii mici, batrani. 
 
 
 
 
 
 
 
 
 
 
Incalzire puternica chiar si la temperaturi scazute 
Functionare optima pe timp de iarna in regim de incalzire pana la o temperatura exterioara de -25°C. Acum te poti bucura de caldura caminului tau, fara sa tii cont de frigul de afara. 
 
 
 
 
 
 
 
 
Pur si simplu, aer sanatos 
Prin filtrarea dubla aerul eliberat in camera este curat si sanatos. Filtrul lavabil de inalta densitate blochează praful si impuritătile grosiere, in timp ce al doilea filtru elimina particulele fine, avand si efect anti-bacterian. 
 
 
 
 
 
 
 
 
 
 
Noul freon R32 este mult mai prietenos cu mediul 
Alegerea unui echipament Gree cu freon R-32 reduce impactul asupra mediului cu peste 68% în comparatie cu un produs cu R-410A si duce la un consum mai scazut de energie datorita eficientei energetice ridicate. Freonul R32 este un agent frigorific de generatie viitoare, care transporta in mod eficient caldura si are un impact redus asupra mediului inconjurator. De asemenea freonul R32 este usor de reciclat, fiind un agent frigorific monocomponent. 
 
 
 
 
 
 
 
 
 
Detalii functii 
 
 
 
 
 
 
  
 
 
 
Control Wi-Fi 
Aparatul permite control de la distanta, prin WiFi, cu ajutorul aplicatiei specifice si dispozitivului mobil inteligent 
 
 
 
 
 
 
 
 
  
 
 
 
Flux de aer 3D 
Optimizează fluxul de aer furnizat de unitatea interioară, facilitând direcționarea aerului atât pe verticală, cât si pe orizontală. 
 
 
 
 
 
 
 
 
  
 
 
 
Design elegant 
Panoul unitatii interioare are un design elegant si fluent, cu micropori care permit admisia aerului in unitate, mascati gratios prin striatii orizontale, evazate spre laterale si incadrate intr-o bordura argintie. 
 
 
 
 
 
 
 
 
  
 
 
 
Incalzire la -25°C 
Aparatul functioneaza la parametri optimi, in modul de incalzire, pana la temperatura exterioara de -25°C.",https://aparatedeaerconditionat.ro/wp-content/uploads/2022/03/gree-fairy-black-panel.jpg,https://aparatedeaerconditionat.ro/produs/aer-conditionat-gree-fairy-black-gwh09acc-k6dna1f-9000-btu-wi-fi-intelligent-control-r32-kit-de-instalare-inclus/,"aer conditionat, Aparate de aer conditonat rezidentiale, Aparate de aer condtionat 9000 BTU","Aparate de aer conditionat",2499RON,in stock,wc_post_id_8525,,"https://aparatedeaerconditionat.ro/wp-content/uploads/2022/03/res_688e37e7a460570898c72865fc60fc881.jpg,https://aparatedeaerconditionat.ro/wp-content/uploads/2022/03/res_900e0baaf087ad78664fb85698fbf32c1.jpg",,0,new,published,,,,,,,
wc_post_id_8463,"Aparat de aer conditionat Gree Bora A4 Silver R32 GWH12AAB-K6DNA4B Inverter 12000 BTU, Clasa A++, Generator ioni Cold Plasma, WiFi","Descriere 
 
 
 
 
Aparat de aer conditionat 
Gree Bora A4 Silver R32 GWH12AAB-K6DNA4B Inverter 12000 BTU 
CEL MAI MARE producator mondial de aparate de aer conditionat, compania chineza Gree, propune gama de unitati Bora A4 Silver, care incorporeaza tehnologii avansate precum generatorul Cold Plasma, fluxul de aer 3D si functia 'I feel'. 
 
GREEdovedeste responsabilitate fata de poluarea mediului, prin folosirea agentului frigorific R32, in timp ce asigura un consum de energie diminuat prin implementarea tehnologiei Inverter. 
 
POTI CONTROLAactivitatea unitatii de oriunde te-ai afla, de pe smartphone, prin intermediul aplicatiei GREE+, pe care o poti descarca de pe App Store sau Google Play. 
TEHNOLOGII CARE FAC DIFERENTA 
Functia 'Turbo' - cand activezi aceasta functie, ventilatorul va opera la o turatie ridicata atat in modul racire, cat si in modul incalzire, pentru a atinge rapid parametrii climatici doriti. 
Functia 'Preincalzire inteligenta' - aceasta functie protejeaza impotriva curentilor de aer rece, atunci cand aparatul este folosit in regim de incalzire. 
Dezumidificare - excesul de umiditate este indepartat prin controlul temperaturii ambientale, prevenindu-se astfel disconfortul pentru utilizator, precum si aparitia mucegaiului. 
Dezghetare inteligenta - permite dezghetarea unitatii exterioare doar cand parametrii climatici o impun, nu la intervale regulate de timp, de aici rezultand importante economii de energie. 
 
  
 
  
SANATATE SI CONFORT 
 
 
Generator ioni Cold Plasma - este o tehnologie avansata care indeparteaza mirosurile neplacute, umidifica aerul si neutralizeaza aprox. 93% din bacterii, virusuri si alergeni prin emisia controlata de ioni in atmosfera. 
 
 
 
 
 
Functia 'I feel' - daca doresti un climat personalizat intr-o anumita zona a camerei, plaseaza telecomanda in perimetrul respectiv, dupa care activeaza senzorul 'I feel'. Gratie acestei functii, aparatul va receptiona comanda si iti va crea rapid climatul dorit in zona respectiva. Telecomanda transmite automat aparatului, la fiecare 10 minute, nivelul detectat al temperaturii ambientale, asigurand o functionare in parametrii optimi. 
 
Fluxul de aer 3D - functiile de oscilare a flapsului pe verticala si pe orizontala creeaza un flux de aer tridimensional care ajunge in orice colt al camerei. Aceasta tehnologie este disponibila pentru toate produsele din gama, indiferent de capacitate. 
 
  
FUNCTII AUTOMATIZATE 
Modul auto - la pornirea aparatului, senzorii actioneaza automat pentru a aduce temperatura ambientului la nivelul preselectat. 
Auto clean - dupa utilizarea aparatului de aer conditionat in regim de racire, ventilatorul va continua sa se invarta pentru a usca schimbatorul de caldura, prevenind astfel aparitia mucegaiului. 
Autodiagnoza - aparatul de aer conditionat poate depista automat erorile aparute in timpul functionarii, afisandu-le imediat pe display. 
 
Autorestart - aceasta functie reporneste aparatul cu parametrii aferenti ultimei setari, daca acesta s-a oprit din cauza unei caderi de tensiune. 
 
  
UNITATE EXTERNA ECONOMICA, ECOLOGICA SI EFICIENTA ENERGETIC 
 
 
 
 
Freon R32 - alegerea unui echipament Gree cu freon R32 aduce o serie de avantaje, cum ar fi reducerea impactului asupra mediului cu peste 65%, comparativ cu un produs echipat cu R-410A, scaderea consumului de energie si reciclarea mai usoara (agent monocomponent) 
 
Ventilator - eficient si silentios 
 
Cutie metalica pentru protectia circuitelor impotriva eventualelor socuri (inclusiv anti-foc) 
 
Placata cu strat anti-coroziv Golden Fin 
 
Clasa energetica - A++ in regim de racire, respectiv A+ in regim de incalzire 
 
FUNCTII PENTRU CONFORTUL TAU 
Display LED - pentru confortul utilizatorilor, aparatul este prevazut cu un display LED care afiseaza permanent temperatura setata a aparatului. 
Functia Sleep - este o functie inteligenta care regleaza automat temperatura ambientala pe timpul noptii, atat in modul racire, cat si in modul incalzire. 
 
Timer - regleaza pornirea sau oprirea automata a aparatului - butonul TIMER-ON activeaza sau anuleaza temporizatorul pentru pornirea automata a aparatului, respectiv butonul TIMER-OFF initiaza sau anuleaza temporizatorul pentru oprire automata. 
 
Functia de blocare - daca doresti sa eviti schimbarea accidentala a setarilor aparatului de catre copii, telecomanda poate fi blocata prin apasarea simultana a butoanelor '+' si '-'. 
 
  
MEREU CONECTAT LA APARATUL TAU 
 
 
WiFi Intelligent Control 
 
Daca doresti sa monitorizezi permanent echipamentul, de oriunde te-ai afla, o poti face cu ajutorul aplicatiei Gree+, disponibila gratuit pentru descarcare si instalare pe smartphone sau tableta. 
 
Astfel, vei fi la curent tot timpul cu starea functionarii aparatului: 
- vei putea programa temperatura pe intervale orare 
- vei putea revizui oricand consumul de energie 
 
Poti controla echipamentul prin comanda vocala cu ajutorul aplicatiilor inteligente.",https://aparatedeaerconditionat.ro/wp-content/uploads/2022/03/bora-a4-r32-nou.jpg,https://aparatedeaerconditionat.ro/produs/aparat-de-aer-conditionat-gree-bora-a4-silver-r32-gwh12aab-k6dna4b-inverter-12000-btu-clasa-a-generator-ioni-cold-plasma-wifi/,"aer conditionat, Aparate de aer conditionat 12.000 BTU, Aparate de aer conditonat rezidentiale","Aparate de aer conditionat",2099RON,in stock,wc_post_id_8463,,"https://aparatedeaerconditionat.ro/wp-content/uploads/2022/03/remote-bora.jpg,https://aparatedeaerconditionat.ro/wp-content/uploads/2022/03/ue-bora-a4.jpg",,0,new,published,,,,,,,
wc_post_id_9125,"Montare / Instalare aer conditionat","Capacitate: 42000 BTU",https://aparatedeaerconditionat.ro/wp-content/uploads/2022/03/montare-instalare-aer-conditionat.jpg,https://aparatedeaerconditionat.ro/produs/montare-instalare-aer-conditionat/?attribute_pa_capacitate=42000-btu,"Montare / Instalare / reparatii aer conditionat","Aparate de aer conditionat",0RON,in stock,wc_post_id_9043,,,,0,new,published,,,,,,,"capacitate:12000 BTU/9000 BTU/18000 BTU/24000 BTU/42000 BTU:42000 BTU"
wc_post_id_9124,"Montare / Instalare aer conditionat","Capacitate: 24000 BTU",https://aparatedeaerconditionat.ro/wp-content/uploads/2022/03/montare-instalare-aer-conditionat.jpg,https://aparatedeaerconditionat.ro/produs/montare-instalare-aer-conditionat/?attribute_pa_capacitate=24000-btu,"Montare / Instalare / reparatii aer conditionat","Aparate de aer conditionat",0RON,in stock,wc_post_id_9043,,,,0,new,published,,,,,,,"capacitate:12000 BTU/9000 BTU/18000 BTU/24000 BTU/42000 BTU:24000 BTU"
wc_post_id_9123,"Montare / Instalare aer conditionat","Capacitate: 18000 BTU",https://aparatedeaerconditionat.ro/wp-content/uploads/2022/03/montare-instalare-aer-conditionat.jpg,https://aparatedeaerconditionat.ro/produs/montare-instalare-aer-conditionat/?attribute_pa_capacitate=18000-btu,"Montare / Instalare / reparatii aer conditionat","Aparate de aer conditionat",650RON,in stock,wc_post_id_9043,,,,0,new,published,,,,,,,"capacitate:12000 BTU/9000 BTU/18000 BTU/24000 BTU/42000 BTU:18000 BTU"
9000_9121,"Montare / Instalare aer conditionat","Capacitate: 9000 BTU",https://aparatedeaerconditionat.ro/wp-content/uploads/2022/03/montare-instalare-aer-conditionat.jpg,https://aparatedeaerconditionat.ro/produs/montare-instalare-aer-conditionat/?attribute_pa_capacitate=9000-btu,"Montare / Instalare / reparatii aer conditionat","Aparate de aer conditionat",500RON,in stock,wc_post_id_9043,,,,0,new,published,,,,,,,"capacitate:12000 BTU/9000 BTU/18000 BTU/24000 BTU/42000 BTU:9000 BTU"
12000_9120,"Montare / Instalare aer conditionat","Capacitate: 12000 BTU",https://aparatedeaerconditionat.ro/wp-content/uploads/2022/03/montare-instalare-aer-conditionat.jpg,https://aparatedeaerconditionat.ro/produs/montare-instalare-aer-conditionat/?attribute_pa_capacitate=12000-btu,"Montare / Instalare / reparatii aer conditionat","Aparate de aer conditionat",500RON,in stock,wc_post_id_9043,,,,0,new,published,,,,,,default,"capacitate:12000 BTU/9000 BTU/18000 BTU/24000 BTU/42000 BTU:12000 BTU"
